--
-- PostgreSQL database dump
--

-- Dumped from database version 17.4
-- Dumped by pg_dump version 17.4

-- Started on 2025-06-05 00:18:12

SET statement_timeout = 0;
SET lock_timeout = 0;
SET idle_in_transaction_session_timeout = 0;
SET transaction_timeout = 0;
SET client_encoding = 'UTF8';
SET standard_conforming_strings = on;
SELECT pg_catalog.set_config('search_path', '', false);
SET check_function_bodies = false;
SET xmloption = content;
SET client_min_messages = warning;
SET row_security = off;

SET default_tablespace = '';

SET default_table_access_method = heap;

--
-- TOC entry 224 (class 1259 OID 16559)
-- Name: auth_group; Type: TABLE; Schema: public; Owner: postgres
--

CREATE TABLE public.auth_group (
    id integer NOT NULL,
    name character varying(150) NOT NULL
);


ALTER TABLE public.auth_group OWNER TO postgres;

--
-- TOC entry 223 (class 1259 OID 16558)
-- Name: auth_group_id_seq; Type: SEQUENCE; Schema: public; Owner: postgres
--

ALTER TABLE public.auth_group ALTER COLUMN id ADD GENERATED BY DEFAULT AS IDENTITY (
    SEQUENCE NAME public.auth_group_id_seq
    START WITH 1
    INCREMENT BY 1
    NO MINVALUE
    NO MAXVALUE
    CACHE 1
);


--
-- TOC entry 226 (class 1259 OID 16567)
-- Name: auth_group_permissions; Type: TABLE; Schema: public; Owner: postgres
--

CREATE TABLE public.auth_group_permissions (
    id bigint NOT NULL,
    group_id integer NOT NULL,
    permission_id integer NOT NULL
);


ALTER TABLE public.auth_group_permissions OWNER TO postgres;

--
-- TOC entry 225 (class 1259 OID 16566)
-- Name: auth_group_permissions_id_seq; Type: SEQUENCE; Schema: public; Owner: postgres
--

ALTER TABLE public.auth_group_permissions ALTER COLUMN id ADD GENERATED BY DEFAULT AS IDENTITY (
    SEQUENCE NAME public.auth_group_permissions_id_seq
    START WITH 1
    INCREMENT BY 1
    NO MINVALUE
    NO MAXVALUE
    CACHE 1
);


--
-- TOC entry 222 (class 1259 OID 16553)
-- Name: auth_permission; Type: TABLE; Schema: public; Owner: postgres
--

CREATE TABLE public.auth_permission (
    id integer NOT NULL,
    name character varying(255) NOT NULL,
    content_type_id integer NOT NULL,
    codename character varying(100) NOT NULL
);


ALTER TABLE public.auth_permission OWNER TO postgres;

--
-- TOC entry 221 (class 1259 OID 16552)
-- Name: auth_permission_id_seq; Type: SEQUENCE; Schema: public; Owner: postgres
--

ALTER TABLE public.auth_permission ALTER COLUMN id ADD GENERATED BY DEFAULT AS IDENTITY (
    SEQUENCE NAME public.auth_permission_id_seq
    START WITH 1
    INCREMENT BY 1
    NO MINVALUE
    NO MAXVALUE
    CACHE 1
);


--
-- TOC entry 238 (class 1259 OID 16685)
-- Name: courses_couse; Type: TABLE; Schema: public; Owner: postgres
--

CREATE TABLE public.courses_couse (
    id bigint NOT NULL,
    title character varying(256) NOT NULL,
    description text NOT NULL,
    update_at date NOT NULL,
    created_at date NOT NULL,
    author_id bigint NOT NULL,
    is_published boolean NOT NULL,
    promo character varying(100)
);


ALTER TABLE public.courses_couse OWNER TO postgres;

--
-- TOC entry 237 (class 1259 OID 16684)
-- Name: courses_couse_id_seq; Type: SEQUENCE; Schema: public; Owner: postgres
--

ALTER TABLE public.courses_couse ALTER COLUMN id ADD GENERATED BY DEFAULT AS IDENTITY (
    SEQUENCE NAME public.courses_couse_id_seq
    START WITH 1
    INCREMENT BY 1
    NO MINVALUE
    NO MAXVALUE
    CACHE 1
);


--
-- TOC entry 257 (class 1259 OID 16848)
-- Name: courses_lesson; Type: TABLE; Schema: public; Owner: postgres
--

CREATE TABLE public.courses_lesson (
    id bigint NOT NULL,
    title character varying(256) NOT NULL,
    description text NOT NULL,
    "order" integer NOT NULL,
    module_id bigint NOT NULL,
    CONSTRAINT courses_lesson_order_check CHECK (("order" >= 0))
);


ALTER TABLE public.courses_lesson OWNER TO postgres;

--
-- TOC entry 256 (class 1259 OID 16847)
-- Name: courses_lesson_id_seq; Type: SEQUENCE; Schema: public; Owner: postgres
--

ALTER TABLE public.courses_lesson ALTER COLUMN id ADD GENERATED BY DEFAULT AS IDENTITY (
    SEQUENCE NAME public.courses_lesson_id_seq
    START WITH 1
    INCREMENT BY 1
    NO MINVALUE
    NO MAXVALUE
    CACHE 1
);


--
-- TOC entry 240 (class 1259 OID 16693)
-- Name: courses_material; Type: TABLE; Schema: public; Owner: postgres
--

CREATE TABLE public.courses_material (
    id bigint NOT NULL,
    title character varying(256) NOT NULL,
    content text NOT NULL,
    file character varying(100),
    material_type character varying(10) NOT NULL,
    video_url character varying(200),
    lesson_id bigint
);


ALTER TABLE public.courses_material OWNER TO postgres;

--
-- TOC entry 239 (class 1259 OID 16692)
-- Name: courses_material_id_seq; Type: SEQUENCE; Schema: public; Owner: postgres
--

ALTER TABLE public.courses_material ALTER COLUMN id ADD GENERATED BY DEFAULT AS IDENTITY (
    SEQUENCE NAME public.courses_material_id_seq
    START WITH 1
    INCREMENT BY 1
    NO MINVALUE
    NO MAXVALUE
    CACHE 1
);


--
-- TOC entry 242 (class 1259 OID 16701)
-- Name: courses_module; Type: TABLE; Schema: public; Owner: postgres
--

CREATE TABLE public.courses_module (
    id bigint NOT NULL,
    title character varying(256) NOT NULL,
    description text NOT NULL,
    "order" integer NOT NULL,
    course_id bigint NOT NULL,
    CONSTRAINT courses_module_order_check CHECK (("order" >= 0))
);


ALTER TABLE public.courses_module OWNER TO postgres;

--
-- TOC entry 241 (class 1259 OID 16700)
-- Name: courses_module_id_seq; Type: SEQUENCE; Schema: public; Owner: postgres
--

ALTER TABLE public.courses_module ALTER COLUMN id ADD GENERATED BY DEFAULT AS IDENTITY (
    SEQUENCE NAME public.courses_module_id_seq
    START WITH 1
    INCREMENT BY 1
    NO MINVALUE
    NO MAXVALUE
    CACHE 1
);


--
-- TOC entry 236 (class 1259 OID 16664)
-- Name: django_admin_log; Type: TABLE; Schema: public; Owner: postgres
--

CREATE TABLE public.django_admin_log (
    id integer NOT NULL,
    action_time timestamp with time zone NOT NULL,
    object_id text,
    object_repr character varying(200) NOT NULL,
    action_flag smallint NOT NULL,
    change_message text NOT NULL,
    content_type_id integer,
    user_id bigint NOT NULL,
    CONSTRAINT django_admin_log_action_flag_check CHECK ((action_flag >= 0))
);


ALTER TABLE public.django_admin_log OWNER TO postgres;

--
-- TOC entry 235 (class 1259 OID 16663)
-- Name: django_admin_log_id_seq; Type: SEQUENCE; Schema: public; Owner: postgres
--

ALTER TABLE public.django_admin_log ALTER COLUMN id ADD GENERATED BY DEFAULT AS IDENTITY (
    SEQUENCE NAME public.django_admin_log_id_seq
    START WITH 1
    INCREMENT BY 1
    NO MINVALUE
    NO MAXVALUE
    CACHE 1
);


--
-- TOC entry 220 (class 1259 OID 16545)
-- Name: django_content_type; Type: TABLE; Schema: public; Owner: postgres
--

CREATE TABLE public.django_content_type (
    id integer NOT NULL,
    app_label character varying(100) NOT NULL,
    model character varying(100) NOT NULL
);


ALTER TABLE public.django_content_type OWNER TO postgres;

--
-- TOC entry 219 (class 1259 OID 16544)
-- Name: django_content_type_id_seq; Type: SEQUENCE; Schema: public; Owner: postgres
--

ALTER TABLE public.django_content_type ALTER COLUMN id ADD GENERATED BY DEFAULT AS IDENTITY (
    SEQUENCE NAME public.django_content_type_id_seq
    START WITH 1
    INCREMENT BY 1
    NO MINVALUE
    NO MAXVALUE
    CACHE 1
);


--
-- TOC entry 218 (class 1259 OID 16537)
-- Name: django_migrations; Type: TABLE; Schema: public; Owner: postgres
--

CREATE TABLE public.django_migrations (
    id bigint NOT NULL,
    app character varying(255) NOT NULL,
    name character varying(255) NOT NULL,
    applied timestamp with time zone NOT NULL
);


ALTER TABLE public.django_migrations OWNER TO postgres;

--
-- TOC entry 217 (class 1259 OID 16536)
-- Name: django_migrations_id_seq; Type: SEQUENCE; Schema: public; Owner: postgres
--

ALTER TABLE public.django_migrations ALTER COLUMN id ADD GENERATED BY DEFAULT AS IDENTITY (
    SEQUENCE NAME public.django_migrations_id_seq
    START WITH 1
    INCREMENT BY 1
    NO MINVALUE
    NO MAXVALUE
    CACHE 1
);


--
-- TOC entry 243 (class 1259 OID 16727)
-- Name: django_session; Type: TABLE; Schema: public; Owner: postgres
--

CREATE TABLE public.django_session (
    session_key character varying(40) NOT NULL,
    session_data text NOT NULL,
    expire_date timestamp with time zone NOT NULL
);


ALTER TABLE public.django_session OWNER TO postgres;

--
-- TOC entry 247 (class 1259 OID 16747)
-- Name: tests_answeroption; Type: TABLE; Schema: public; Owner: postgres
--

CREATE TABLE public.tests_answeroption (
    id bigint NOT NULL,
    text text NOT NULL,
    is_correct boolean NOT NULL,
    "order" integer NOT NULL,
    question_id bigint NOT NULL,
    CONSTRAINT tests_answeroption_order_check CHECK (("order" >= 0))
);


ALTER TABLE public.tests_answeroption OWNER TO postgres;

--
-- TOC entry 246 (class 1259 OID 16746)
-- Name: tests_answeroption_id_seq; Type: SEQUENCE; Schema: public; Owner: postgres
--

ALTER TABLE public.tests_answeroption ALTER COLUMN id ADD GENERATED BY DEFAULT AS IDENTITY (
    SEQUENCE NAME public.tests_answeroption_id_seq
    START WITH 1
    INCREMENT BY 1
    NO MINVALUE
    NO MAXVALUE
    CACHE 1
);


--
-- TOC entry 245 (class 1259 OID 16737)
-- Name: tests_question; Type: TABLE; Schema: public; Owner: postgres
--

CREATE TABLE public.tests_question (
    id bigint NOT NULL,
    text text NOT NULL,
    question_type character varying(10) NOT NULL,
    "order" integer NOT NULL,
    points integer NOT NULL,
    test_id bigint NOT NULL,
    CONSTRAINT tests_question_order_check CHECK (("order" >= 0)),
    CONSTRAINT tests_question_points_check CHECK ((points >= 0))
);


ALTER TABLE public.tests_question OWNER TO postgres;

--
-- TOC entry 244 (class 1259 OID 16736)
-- Name: tests_question_id_seq; Type: SEQUENCE; Schema: public; Owner: postgres
--

ALTER TABLE public.tests_question ALTER COLUMN id ADD GENERATED BY DEFAULT AS IDENTITY (
    SEQUENCE NAME public.tests_question_id_seq
    START WITH 1
    INCREMENT BY 1
    NO MINVALUE
    NO MAXVALUE
    CACHE 1
);


--
-- TOC entry 249 (class 1259 OID 16756)
-- Name: tests_test; Type: TABLE; Schema: public; Owner: postgres
--

CREATE TABLE public.tests_test (
    id bigint NOT NULL,
    title character varying(200) NOT NULL,
    description text NOT NULL,
    created_at timestamp with time zone NOT NULL,
    updated_at timestamp with time zone NOT NULL,
    is_published boolean NOT NULL,
    passing_score double precision NOT NULL,
    module_id bigint NOT NULL,
    "order" integer NOT NULL,
    CONSTRAINT tests_test_order_check CHECK (("order" >= 0))
);


ALTER TABLE public.tests_test OWNER TO postgres;

--
-- TOC entry 248 (class 1259 OID 16755)
-- Name: tests_test_id_seq; Type: SEQUENCE; Schema: public; Owner: postgres
--

ALTER TABLE public.tests_test ALTER COLUMN id ADD GENERATED BY DEFAULT AS IDENTITY (
    SEQUENCE NAME public.tests_test_id_seq
    START WITH 1
    INCREMENT BY 1
    NO MINVALUE
    NO MAXVALUE
    CACHE 1
);


--
-- TOC entry 251 (class 1259 OID 16769)
-- Name: tests_testattempt; Type: TABLE; Schema: public; Owner: postgres
--

CREATE TABLE public.tests_testattempt (
    id bigint NOT NULL,
    started_at timestamp with time zone NOT NULL,
    completed_at timestamp with time zone,
    score double precision,
    is_passed boolean NOT NULL,
    test_id bigint NOT NULL,
    user_id bigint NOT NULL
);


ALTER TABLE public.tests_testattempt OWNER TO postgres;

--
-- TOC entry 250 (class 1259 OID 16768)
-- Name: tests_testattempt_id_seq; Type: SEQUENCE; Schema: public; Owner: postgres
--

ALTER TABLE public.tests_testattempt ALTER COLUMN id ADD GENERATED BY DEFAULT AS IDENTITY (
    SEQUENCE NAME public.tests_testattempt_id_seq
    START WITH 1
    INCREMENT BY 1
    NO MINVALUE
    NO MAXVALUE
    CACHE 1
);


--
-- TOC entry 253 (class 1259 OID 16775)
-- Name: tests_useranswer; Type: TABLE; Schema: public; Owner: postgres
--

CREATE TABLE public.tests_useranswer (
    id bigint NOT NULL,
    text_answer text NOT NULL,
    is_correct boolean NOT NULL,
    points_earned integer NOT NULL,
    attempt_id bigint NOT NULL,
    question_id bigint NOT NULL,
    CONSTRAINT tests_useranswer_points_earned_check CHECK ((points_earned >= 0))
);


ALTER TABLE public.tests_useranswer OWNER TO postgres;

--
-- TOC entry 255 (class 1259 OID 16784)
-- Name: tests_useranswer_answer_options; Type: TABLE; Schema: public; Owner: postgres
--

CREATE TABLE public.tests_useranswer_answer_options (
    id bigint NOT NULL,
    useranswer_id bigint NOT NULL,
    answeroption_id bigint NOT NULL
);


ALTER TABLE public.tests_useranswer_answer_options OWNER TO postgres;

--
-- TOC entry 254 (class 1259 OID 16783)
-- Name: tests_useranswer_answer_options_id_seq; Type: SEQUENCE; Schema: public; Owner: postgres
--

ALTER TABLE public.tests_useranswer_answer_options ALTER COLUMN id ADD GENERATED BY DEFAULT AS IDENTITY (
    SEQUENCE NAME public.tests_useranswer_answer_options_id_seq
    START WITH 1
    INCREMENT BY 1
    NO MINVALUE
    NO MAXVALUE
    CACHE 1
);


--
-- TOC entry 252 (class 1259 OID 16774)
-- Name: tests_useranswer_id_seq; Type: SEQUENCE; Schema: public; Owner: postgres
--

ALTER TABLE public.tests_useranswer ALTER COLUMN id ADD GENERATED BY DEFAULT AS IDENTITY (
    SEQUENCE NAME public.tests_useranswer_id_seq
    START WITH 1
    INCREMENT BY 1
    NO MINVALUE
    NO MAXVALUE
    CACHE 1
);


--
-- TOC entry 234 (class 1259 OID 16621)
-- Name: users_progress; Type: TABLE; Schema: public; Owner: postgres
--

CREATE TABLE public.users_progress (
    id bigint NOT NULL,
    course_id integer NOT NULL,
    comleted_modules jsonb NOT NULL,
    last_accessed date NOT NULL,
    user_id bigint NOT NULL,
    completion_percent double precision NOT NULL
);


ALTER TABLE public.users_progress OWNER TO postgres;

--
-- TOC entry 233 (class 1259 OID 16620)
-- Name: users_progress_id_seq; Type: SEQUENCE; Schema: public; Owner: postgres
--

ALTER TABLE public.users_progress ALTER COLUMN id ADD GENERATED BY DEFAULT AS IDENTITY (
    SEQUENCE NAME public.users_progress_id_seq
    START WITH 1
    INCREMENT BY 1
    NO MINVALUE
    NO MAXVALUE
    CACHE 1
);


--
-- TOC entry 228 (class 1259 OID 16599)
-- Name: users_user; Type: TABLE; Schema: public; Owner: postgres
--

CREATE TABLE public.users_user (
    id bigint NOT NULL,
    password character varying(128) NOT NULL,
    last_login timestamp with time zone,
    is_superuser boolean NOT NULL,
    username character varying(150) NOT NULL,
    first_name character varying(150) NOT NULL,
    last_name character varying(150) NOT NULL,
    email character varying(254) NOT NULL,
    is_staff boolean NOT NULL,
    is_active boolean NOT NULL,
    date_joined timestamp with time zone NOT NULL,
    full_name character varying(256) NOT NULL,
    is_cheater boolean NOT NULL,
    data_joined date NOT NULL,
    is_teacher boolean NOT NULL,
    description text NOT NULL
);


ALTER TABLE public.users_user OWNER TO postgres;

--
-- TOC entry 230 (class 1259 OID 16609)
-- Name: users_user_groups; Type: TABLE; Schema: public; Owner: postgres
--

CREATE TABLE public.users_user_groups (
    id bigint NOT NULL,
    user_id bigint NOT NULL,
    group_id integer NOT NULL
);


ALTER TABLE public.users_user_groups OWNER TO postgres;

--
-- TOC entry 229 (class 1259 OID 16608)
-- Name: users_user_groups_id_seq; Type: SEQUENCE; Schema: public; Owner: postgres
--

ALTER TABLE public.users_user_groups ALTER COLUMN id ADD GENERATED BY DEFAULT AS IDENTITY (
    SEQUENCE NAME public.users_user_groups_id_seq
    START WITH 1
    INCREMENT BY 1
    NO MINVALUE
    NO MAXVALUE
    CACHE 1
);


--
-- TOC entry 227 (class 1259 OID 16598)
-- Name: users_user_id_seq; Type: SEQUENCE; Schema: public; Owner: postgres
--

ALTER TABLE public.users_user ALTER COLUMN id ADD GENERATED BY DEFAULT AS IDENTITY (
    SEQUENCE NAME public.users_user_id_seq
    START WITH 1
    INCREMENT BY 1
    NO MINVALUE
    NO MAXVALUE
    CACHE 1
);


--
-- TOC entry 232 (class 1259 OID 16615)
-- Name: users_user_user_permissions; Type: TABLE; Schema: public; Owner: postgres
--

CREATE TABLE public.users_user_user_permissions (
    id bigint NOT NULL,
    user_id bigint NOT NULL,
    permission_id integer NOT NULL
);


ALTER TABLE public.users_user_user_permissions OWNER TO postgres;

--
-- TOC entry 231 (class 1259 OID 16614)
-- Name: users_user_user_permissions_id_seq; Type: SEQUENCE; Schema: public; Owner: postgres
--

ALTER TABLE public.users_user_user_permissions ALTER COLUMN id ADD GENERATED BY DEFAULT AS IDENTITY (
    SEQUENCE NAME public.users_user_user_permissions_id_seq
    START WITH 1
    INCREMENT BY 1
    NO MINVALUE
    NO MAXVALUE
    CACHE 1
);


--
-- TOC entry 5111 (class 0 OID 16559)
-- Dependencies: 224
-- Data for Name: auth_group; Type: TABLE DATA; Schema: public; Owner: postgres
--

COPY public.auth_group (id, name) FROM stdin;
\.


--
-- TOC entry 5113 (class 0 OID 16567)
-- Dependencies: 226
-- Data for Name: auth_group_permissions; Type: TABLE DATA; Schema: public; Owner: postgres
--

COPY public.auth_group_permissions (id, group_id, permission_id) FROM stdin;
\.


--
-- TOC entry 5109 (class 0 OID 16553)
-- Dependencies: 222
-- Data for Name: auth_permission; Type: TABLE DATA; Schema: public; Owner: postgres
--

COPY public.auth_permission (id, name, content_type_id, codename) FROM stdin;
1	Can add log entry	1	add_logentry
2	Can change log entry	1	change_logentry
3	Can delete log entry	1	delete_logentry
4	Can view log entry	1	view_logentry
5	Can add permission	2	add_permission
6	Can change permission	2	change_permission
7	Can delete permission	2	delete_permission
8	Can view permission	2	view_permission
9	Can add group	3	add_group
10	Can change group	3	change_group
11	Can delete group	3	delete_group
12	Can view group	3	view_group
13	Can add content type	4	add_contenttype
14	Can change content type	4	change_contenttype
15	Can delete content type	4	delete_contenttype
16	Can view content type	4	view_contenttype
17	Can add session	5	add_session
18	Can change session	5	change_session
19	Can delete session	5	delete_session
20	Can view session	5	view_session
21	Can add user	6	add_user
22	Can change user	6	change_user
23	Can delete user	6	delete_user
24	Can view user	6	view_user
25	Can add progress	7	add_progress
26	Can change progress	7	change_progress
27	Can delete progress	7	delete_progress
28	Can view progress	7	view_progress
29	Can add couse	8	add_couse
30	Can change couse	8	change_couse
31	Can delete couse	8	delete_couse
32	Can view couse	8	view_couse
33	Can add material	9	add_material
34	Can change material	9	change_material
35	Can delete material	9	delete_material
36	Can view material	9	view_material
37	Can add module	10	add_module
38	Can change module	10	change_module
39	Can delete module	10	delete_module
40	Can view module	10	view_module
41	Can add question	11	add_question
42	Can change question	11	change_question
43	Can delete question	11	delete_question
44	Can view question	11	view_question
45	Can add answer option	12	add_answeroption
46	Can change answer option	12	change_answeroption
47	Can delete answer option	12	delete_answeroption
48	Can view answer option	12	view_answeroption
49	Can add test	13	add_test
50	Can change test	13	change_test
51	Can delete test	13	delete_test
52	Can view test	13	view_test
53	Can add test attempt	14	add_testattempt
54	Can change test attempt	14	change_testattempt
55	Can delete test attempt	14	delete_testattempt
56	Can view test attempt	14	view_testattempt
57	Can add user answer	15	add_useranswer
58	Can change user answer	15	change_useranswer
59	Can delete user answer	15	delete_useranswer
60	Can view user answer	15	view_useranswer
61	Can add lesson	16	add_lesson
62	Can change lesson	16	change_lesson
63	Can delete lesson	16	delete_lesson
64	Can view lesson	16	view_lesson
\.


--
-- TOC entry 5125 (class 0 OID 16685)
-- Dependencies: 238
-- Data for Name: courses_couse; Type: TABLE DATA; Schema: public; Owner: postgres
--

COPY public.courses_couse (id, title, description, update_at, created_at, author_id, is_published, promo) FROM stdin;
4	какой-то курс	dfkl;gjldfjkgkjdkl;gjdfkl;jg;ldfjgkjdfl;gjdlfk;gjdlkfgjlpgjfkgjl;dfk	2025-05-02	2025-04-28	7	f	\N
3	Программист где-то там	<p><strong>Название:</strong> "От нуля к коду: Основы программирования для начинающих"</p>\r\n\r\n<p><strong>Описание:</strong></p>\r\n<p>Хотите научиться программировать, но не знаете, с чего начать? Этот курс — идеальный старт для вас! Мы поможем вам сделать первые шаги в мире кода, даже если вы никогда раньше не писали ни строчки программы.</p>\r\n\r\n<p><strong>Что вы узнаете:</strong></p>\r\n<ul>\r\n    <li>Основы алгоритмов и логики программирования</li>\r\n    <li>Синтаксис и структуру популярных языков (Python, JavaScript)</li>\r\n    <li>Как работать с переменными, циклами, условиями и функциями</li>\r\n    <li>Основы отладки и решения типичных ошибок</li>\r\n    <li>Практические примеры и мини-проекты для закрепления знаний</li>\r\n</ul>\r\n\r\n<p><strong>Для кого этот курс:</strong></p>\r\n<ul>\r\n    <li>Новички без опыта в программировании</li>\r\n    <li>Те, кто хочет сменить профессию и войти в IT</li>\r\n    <li>Школьники и студенты, желающие освоить основы кодинга</li>\r\n    <li>Все, кто хочет понять, как работают программы и создать свой первый проект</li>\r\n</ul>\r\n\r\n<p><strong>Формат обучения:</strong></p>\r\n<ul>\r\n    <li>📹 Видеолекции с понятными объяснениями</li>\r\n    <li>💻 Практические задания и тесты</li>\r\n    <li>📌 Поддержка от преподавателей и комьюнити</li>\r\n    <li>🚀 Доступ к материалам навсегда после покупки</li>\r\n</ul>\r\n\r\n<p><strong>Итог курса:</strong></p>\r\n<p>Вы напишете свои первые программы, поймёте принципы разработки и сможете двигаться дальше — в веб-разработку, Data Science или создание игр!</p>	2025-05-02	2025-04-27	1	f	\N
9	Что мне делать	Этот курс рассказывает о том как вы смоздаете что-то в своей жизни каждым свом действием	2025-05-14	2025-05-12	1	f	courses/materials/Terraria_aRGAzOo.jpg
1	От нуля к коду: Основы программирования для начинающих	<p><strong>Описание:</strong></p>\r\n<p>Хотите научиться программировать, но не знаете, с чего начать? Этот курс — идеальный старт для вас! Мы поможем вам сделать первые шаги в мире кода, даже если вы никогда раньше не писали ни строчки программы.</p>\r\n\r\n<p><strong>Что вы узнаете:</strong></p>\r\n<ul>\r\n    <li>Основы алгоритмов и логики программирования</li>\r\n    <li>Синтаксис и структуру популярных языков (Python, JavaScript)</li>\r\n    <li>Как работать с переменными, циклами, условиями и функциями</li>\r\n    <li>Основы отладки и решения типичных ошибок</li>\r\n    <li>Практические примеры и мини-проекты для закрепления знаний</li>\r\n</ul>\r\n\r\n<p><strong>Для кого этот курс:</strong></p>\r\n<ul>\r\n    <li>Новички без опыта в программировании</li>\r\n    <li>Те, кто хочет сменить профессию и войти в IT</li>\r\n    <li>Школьники и студенты, желающие освоить основы кодинга</li>\r\n    <li>Все, кто хочет понять, как работают программы и создать свой первый проект</li>\r\n</ul>\r\n\r\n<p><strong>Формат обучения:</strong></p>\r\n<ul>\r\n    <li>📹 Видеолекции с понятными объяснениями</li>\r\n    <li>💻 Практические задания и тесты</li>\r\n    <li>📌 Поддержка от преподавателей и комьюнити</li>\r\n    <li>🚀 Доступ к материалам навсегда после покупки</li>\r\n</ul>\r\n\r\n<p><strong>Итог курса:</strong></p>\r\n<p>Вы напишете свои первые программы, поймёте принципы разработки и сможете двигаться дальше — в веб-разработку, Data Science или создание игр!</p>	2025-05-22	2025-04-27	1	f	courses/materials/фоторс_L4XKnsS.jpeg
\.


--
-- TOC entry 5144 (class 0 OID 16848)
-- Dependencies: 257
-- Data for Name: courses_lesson; Type: TABLE DATA; Schema: public; Owner: postgres
--

COPY public.courses_lesson (id, title, description, "order", module_id) FROM stdin;
2	ыовфаоыфвджаодфывлжаодфжэывла	длувакпдлоьавплодзапвыдлозпавыздлщапвыдлзпавлдзщавпиыдлзавимыдьлэавпдлоавпждлоавпзщлокауепщзлокауепощзшкпуерщошлзкуплщопкаувощзьлъавпфьлзщдъпавдзьлъапвьлдзъапвщлздьпавфлщдзапвфзоьлщдапвфзлдоьавпвалопдьывалавплздвазпдвалыздпвпкыазлщдвыапзлщдазщлвакпзщлвпкавкплзахфкуавплщзфваплщзфвапклщзфвакпщзлавпзлщваыпзщавпыорлщзваыпщзоавпыощзавпзщопавыощзлдвапызщолавпзщваыпозщапвоавпзпваыпваыозавпзъвапъавполщзааавлозаапапьпдаыьпдваылпьдвщыалпьывдалпьдалвтпьчавдэхълпщлзъаывппоьвыащдлхпоьачпхщшо	1	2
3	Урок 1.1: Введение в React и JS	Что такое React, его преимущества и установка. Знакомство с JSX.	2	1
4	Урок 1.2: Компоненты и Props	Создание функциональных и классовых компонентов. Передача данных через props.	3	1
5	урок первый	аоджлвыоаджлыовфдалофыдвлаофыовадлжофывдлаофыдлвоалфывоадлфыовдалодлжфывоаджфоыдвалофыджв	1	4
1	Что-то	<h3>Расчет дивидендной доходности индекса</h3>\r\n\r\n<p><i>I<sub>n</sub> / I<sub>n-1</sub> - 1</i> - ценовая доходность. То есть для расчета дивидендной доходности индекса за 1 месяц достаточно просто вычесть из доходности MCFTR доходность ценового индекса.</p>\r\n\r\n<p>Для получения результата за год необходимо рассчитать геометрическую сумму дивидендных доходностей за все месяцы:</p>\r\n\r\n<p><b>DY=(1+DY<sub>1</sub>)×(1+DY<sub>2</sub>)×⋯×(1+DY<sub>12</sub>)-1</b></p>\r\n\r\n<h4>Считаем дивидендную доходность индекса в Python</h4>\r\n\r\n<p>Импортируем библиотеку okama и загружаем данные индексов через класс ok.AssetList.</p>\r\n\r\n<pre><code>import okama as ok\r\n\r\nls = ['IMOEX.INDX', 'MCFTR.INDX']\r\nmoex = ok.AssetList(ls, ccy='RUB', first_date='2000-01', last_date='2024-12')\r\nmoex</code></pre>\r\n\r\n<p>Данные загружены ровно за 25 лет: с 2000 по 2024 года. Для удобства последняя дата выбрана как last_date='2024-12', чтобы убрать данные неполного 2025 года.</p>\r\n\r\n<h4>Ценовая доходность индекса IMOEX</h4>\r\n\r\n<p>Считаем ценовую доходность индекса IMOEX по календарным годам:</p>\r\n\r\n<pre><code>df_price = moex.annual_return_ts.loc[:, 'IMOEX.INDX']  # ценовая доходность, приведенная к году\r\ndf_price.tail()</code></pre>\r\n\r\n<p>В 2024 году ценовая доходность была отрицательной -6,96%.</p>\r\n\r\n<h4>Полная доходность индекса (MCFTR)</h4>\r\n\r\n<p>Аналогичным образом считаем полную доходность индекса по данным MCFTR:</p>\r\n\r\n<pre><code>df_total = moex.annual_return_ts.loc[:, 'MCFTR.INDX']\r\ndf_total.tail()</code></pre>\r\n\r\n<p>В 2024 году полная доходность Индекса Мосбиржи была положительной. Всего +1,62%. Ситуацию спасли дивиденды!</p>\r\n\r\n<h4>Месячная дивидендная доходность</h4>\r\n\r\n<p>Теперь посчитаем дивидендную доходность по месяцам:</p>\r\n\r\n<pre><code>df = moex.assets_ror  # месячные данные доходности индексов IMOEX и MCFTR\r\ndf.tail()</code></pre>\r\n\r\n<p>Создаем столбец с месячной дивидендной доходностью:</p>\r\n\r\n<pre><code>df['div'] = df['MCFTR.INDX'] - df['IMOEX.INDX']</code></pre>	1	1
\.


--
-- TOC entry 5127 (class 0 OID 16693)
-- Dependencies: 240
-- Data for Name: courses_material; Type: TABLE DATA; Schema: public; Owner: postgres
--

COPY public.courses_material (id, title, content, file, material_type, video_url, lesson_id) FROM stdin;
1	промо		courses/materials/Снимок_экрана_2025-03-24_232143.png	image	\N	\N
2	Что-то там	Подпись видео	courses/materials/MiSide.jpg	image	\N	5
\.


--
-- TOC entry 5129 (class 0 OID 16701)
-- Dependencies: 242
-- Data for Name: courses_module; Type: TABLE DATA; Schema: public; Owner: postgres
--

COPY public.courses_module (id, title, description, "order", course_id) FROM stdin;
2	Введение в Python	Что такое Python?\r\nPython - это высокоуровневый язык программирования общего назначения, созданный Гвидо ван Россумом и впервые выпущенный в 1991 году.	2	1
1	Первый модуль	Этот курс разработан для проверки ваших знаний ЯП Python НА БАЗОВОМ УРОВНЕ и подготовки к собеседованиям. Вопросы курса представлены с несколькими вариантами ответов, из которых необходимо выбрать правильный.\r\n\r\nДАННЫЙ КУРС ЯВЛЯЕТСЯ ПЕРВОЙ ЧАСТЬЮ ПРОГРАММЫ Тренажёр Python! \r\n\r\nТренажёры СРЕДНИЙ уровень и ПРОФИ в данный момент находятся на этапе разработки!\r\n\r\nВаши отзывы, поддержка и комментарии очень важны для меня — они помогут понять, насколько востребовано продолжение работы над развитием этого направления курсов.\r\n\r\nСпасибо!\r\n\r\n \r\n\r\nТакже рекомендую ознакомиться с курсом «Git: от новичка до профи»\r\nДля кого курс будет полезен:\r\nIT-специалистам\r\nНачинающим Backend devs \r\nQA Automation \r\nQA Manual\r\nСроки прохождения\r\nКурс не имеет ограничений по времени, и вы можете изучать его в удобном для вас темпе.\r\n\r\nОбщение и взаимодействие\r\nВы можете общаться с другими студентами через комментарии к урокам. Пожалуйста, избегайте размещения решений и подсказок в комментариях, для этого существует специальная ветка. Ознакомьтесь с правилами сообщества Stepik перед публикацией.\r\n\r\nВопросы и поддержка\r\nЕсли возникли трудности с уроком, не стесняйтесь обращаться за помощью в комментариях к уроку.\r\n\r\nОбратная связь	1	1
4	Освоение базы	<div class="module-description">\r\n        <h2>Что вы изучите в этом модуле:</h2>\r\n        <ul>\r\n            <li>Основные понятия и терминология курса</li>\r\n            <li>Структура и ожидаемые результаты обучения</li>\r\n            <li>Необходимые инструменты и ресурсы</li>\r\n            <li>Как эффективно работать с материалами курса</li>\r\n        </ul>\r\n    </div>\r\n\r\n    <div class="learning-objectives">\r\n        <h2>Цели обучения:</h2>\r\n        <ol>\r\n            <li>Понять общую структуру курса</li>\r\n            <li>Настроить рабочую среду для выполнения заданий</li>\r\n            <li>Ознакомиться с основными терминами</li>\r\n            <li>Получить представление о финальном проекте</li>\r\n        </ol>\r\n    </div>\r\n\r\n    <div class="module-duration">\r\n        <p><strong>Продолжительность модуля:</strong> 1 неделя</p>\r\n        <p><strong>Примерное время изучения:</strong> 5-7 часов</p>\r\n    </div>\r\n\r\n    <div class="next-steps">\r\n        <h3>Что делать дальше:</h3>\r\n        <p>1. Ознакомьтесь с вводными материалами</p>\r\n        <p>2. Установите необходимые программы</p>\r\n        <p>3. Выполните вводное задание</p>\r\n        <p>4. Задайте вопросы в чате курса, если что-то не понятно</p>\r\n    </div>	1	9
6	второй модуль какой то там	ыовалофвылджоплджваоплдвыаоп	2	9
\.


--
-- TOC entry 5123 (class 0 OID 16664)
-- Dependencies: 236
-- Data for Name: django_admin_log; Type: TABLE DATA; Schema: public; Owner: postgres
--

COPY public.django_admin_log (id, action_time, object_id, object_repr, action_flag, change_message, content_type_id, user_id) FROM stdin;
1	2025-04-25 23:09:59.796721+03	2	Kirilll	3		6	1
2	2025-04-25 23:10:05.488504+03	3	Danil	3		6	1
3	2025-04-26 01:07:15.673085+03	6	Maksim	3		6	1
4	2025-04-26 16:08:23.763018+03	5	Danil	3		6	1
5	2025-04-27 21:26:10.10219+03	1	От нуля к коду: Основы программирования для начинающих	1	[{"added": {}}]	8	1
6	2025-04-27 21:27:54.156045+03	1	От нуля к коду: Основы программирования для начинающих - Первый модуль	1	[{"added": {}}]	10	1
7	2025-04-27 21:28:31.105065+03	2	От нуля к коду: Основы программирования для начинающих - Введение в Python	1	[{"added": {}}]	10	1
8	2025-04-27 21:42:48.822054+03	1	Material object (1)	1	[{"added": {}}]	9	1
9	2025-04-27 22:07:05.915948+03	1	От нуля к коду: Основы программирования для начинающих	2	[{"changed": {"fields": ["Description"]}}]	8	1
10	2025-04-27 22:17:39.638307+03	1	От нуля к коду: Основы программирования для начинающих	2	[]	8	1
11	2025-04-27 22:17:50.400085+03	1	От нуля к коду: Основы программирования для начинающих	2	[]	8	1
12	2025-04-27 22:18:21.260762+03	2	Курс о том как соснуть хуйца	1	[{"added": {}}]	8	1
13	2025-04-27 22:37:20.345488+03	1	От нуля к коду: Основы программирования для начинающих	2	[]	8	1
14	2025-04-27 22:37:50.025599+03	3	Middle в сосании хуйца(продолжение)	1	[{"added": {}}]	8	1
15	2025-04-28 15:58:24.616027+03	4	Senior в сосании хуйца end	1	[{"added": {}}]	8	1
16	2025-04-28 16:25:22.663438+03	1	kirill	2	[{"changed": {"fields": ["First name", "Last name", "Full name"]}}]	6	1
17	2025-05-02 16:15:21.986313+03	4	какой-то курс	2	[{"changed": {"fields": ["Title"]}}]	8	1
18	2025-05-02 16:15:42.996399+03	3	Программист где-то там	2	[{"changed": {"fields": ["Title"]}}]	8	1
19	2025-05-02 16:15:56.556485+03	2	экономика	2	[{"changed": {"fields": ["Title"]}}]	8	1
20	2025-05-03 17:46:10.760471+03	1	Первый модуль – Что-то	1	[{"added": {}}]	16	1
21	2025-05-03 17:46:33.467904+03	2	Введение в Python – ыовфаоыфвджаодфывлжаодфжэывла	1	[{"added": {}}]	16	1
22	2025-05-04 02:13:57.924725+03	1	От нуля к коду: Основы программирования для начинающих	2	[{"changed": {"fields": ["Promo"]}}]	8	1
23	2025-05-04 02:14:02.046017+03	1	От нуля к коду: Основы программирования для начинающих	2	[{"changed": {"fields": ["Promo"]}}]	8	1
24	2025-05-04 02:14:13.3684+03	1	От нуля к коду: Основы программирования для начинающих - Первый модуль	2	[]	10	1
25	2025-05-04 02:16:21.817516+03	3	Первый модуль – Урок 1.1: Введение в React и JS	1	[{"added": {}}]	16	1
26	2025-05-04 02:16:48.558482+03	4	Первый модуль – Урок 1.2: Компоненты и Props	1	[{"added": {}}]	16	1
27	2025-05-07 12:53:32.788299+03	1	kirill	2	[{"changed": {"fields": ["Description", "Is teacher"]}}]	6	1
28	2025-05-12 12:42:03.772305+03	5	Что мне делать	3		8	1
29	2025-05-12 12:42:07.112972+03	7	Что мне делать	3		8	1
30	2025-05-12 12:42:10.165102+03	6	Что мне делать	3		8	1
31	2025-05-12 12:42:13.495626+03	8	Что мне делать	3		8	1
\.


--
-- TOC entry 5107 (class 0 OID 16545)
-- Dependencies: 220
-- Data for Name: django_content_type; Type: TABLE DATA; Schema: public; Owner: postgres
--

COPY public.django_content_type (id, app_label, model) FROM stdin;
1	admin	logentry
2	auth	permission
3	auth	group
4	contenttypes	contenttype
5	sessions	session
6	users	user
7	users	progress
8	courses	couse
9	courses	material
10	courses	module
11	tests	question
12	tests	answeroption
13	tests	test
14	tests	testattempt
15	tests	useranswer
16	courses	lesson
\.


--
-- TOC entry 5105 (class 0 OID 16537)
-- Dependencies: 218
-- Data for Name: django_migrations; Type: TABLE DATA; Schema: public; Owner: postgres
--

COPY public.django_migrations (id, app, name, applied) FROM stdin;
1	contenttypes	0001_initial	2025-04-24 07:24:23.40451+03
2	contenttypes	0002_remove_content_type_name	2025-04-24 07:24:23.409611+03
3	auth	0001_initial	2025-04-24 07:24:23.430659+03
4	auth	0002_alter_permission_name_max_length	2025-04-24 07:24:23.433208+03
5	auth	0003_alter_user_email_max_length	2025-04-24 07:24:23.43564+03
6	auth	0004_alter_user_username_opts	2025-04-24 07:24:23.438695+03
7	auth	0005_alter_user_last_login_null	2025-04-24 07:24:23.440194+03
8	auth	0006_require_contenttypes_0002	2025-04-24 07:24:23.441192+03
9	auth	0007_alter_validators_add_error_messages	2025-04-24 07:24:23.443248+03
10	auth	0008_alter_user_username_max_length	2025-04-24 07:24:23.446569+03
11	auth	0009_alter_user_last_name_max_length	2025-04-24 07:24:23.45916+03
12	auth	0010_alter_group_name_max_length	2025-04-24 07:24:23.464631+03
13	auth	0011_update_proxy_permissions	2025-04-24 07:24:23.466821+03
14	auth	0012_alter_user_first_name_max_length	2025-04-24 07:24:23.469011+03
15	users	0001_initial	2025-04-24 07:24:23.496429+03
16	admin	0001_initial	2025-04-24 07:24:23.508598+03
17	admin	0002_logentry_remove_auto_add	2025-04-24 07:24:23.512457+03
18	admin	0003_logentry_add_action_flag_choices	2025-04-24 07:24:23.515886+03
19	courses	0001_initial	2025-04-24 07:24:23.526892+03
20	courses	0002_initial	2025-04-24 07:24:23.545951+03
21	sessions	0001_initial	2025-04-24 07:24:23.552265+03
22	tests	0001_initial	2025-04-24 07:24:23.607069+03
23	users	0002_user_is_teacher	2025-04-25 21:10:16.245894+03
24	courses	0003_alter_material_file_alter_material_material_type	2025-04-27 21:41:59.84011+03
25	users	0003_user_description	2025-04-29 14:36:33.748073+03
26	users	0004_alter_progress_options_progress_completion_percent_and_more	2025-04-30 14:40:00.576649+03
27	users	0005_alter_progress_comleted_modules	2025-04-30 15:25:43.884364+03
28	users	0006_alter_progress_last_accessed	2025-04-30 15:30:45.157236+03
29	courses	0004_alter_module_options_remove_material_module_and_more	2025-05-03 17:39:42.490195+03
30	courses	0005_alter_material_material_type	2025-05-12 11:46:29.461272+03
31	tests	0002_alter_test_options_test_order	2025-05-12 11:46:29.505815+03
32	courses	0006_alter_couse_options	2025-05-22 11:25:06.124232+03
\.


--
-- TOC entry 5130 (class 0 OID 16727)
-- Dependencies: 243
-- Data for Name: django_session; Type: TABLE DATA; Schema: public; Owner: postgres
--

COPY public.django_session (session_key, session_data, expire_date) FROM stdin;
k0i9iedtbnzhmkfxcryhs5urbjawxtco	.eJxVjMsOwiAQRf-FtSE8bAGX7vsNZJgZpGogKe3K-O_apAvd3nPOfYkI21ri1nmJM4mL0OL0uyXAB9cd0B3qrUlsdV3mJHdFHrTLqRE_r4f7d1Cgl29tOLNPnF1WaJnGAB7RZ5XImexQa3tGrZQayHBy4EYNfkCbMIRAkI14fwAYazjx:1u8PB5:_db7V1ovxBsjEb_TXtSdghEAdDrIaYIOej_sFTDmVb4	2025-05-09 22:57:39.801092+03
7769efa5kjbmn7f6xe5tfa2bx1lplopi	.eJxVjMsOwiAQRf-FtSE8bAGX7vsNZJgZpGogKe3K-O_apAvd3nPOfYkI21ri1nmJM4mL0OL0uyXAB9cd0B3qrUlsdV3mJHdFHrTLqRE_r4f7d1Cgl29tOLNPnF1WaJnGAB7RZ5XImexQa3tGrZQayHBy4EYNfkCbMIRAkI14fwAYazjx:1uD546:3VIyf9o6zmgtvpX3J8o1cYDUNyNr8ES5x8EiQAqMp8o	2025-05-22 20:29:46.859675+03
vcw6kcs7ver66ack5aci62p0krxqoylf	.eJxVjMsOwiAQRf-FtSE8bAGX7vsNZJgZpGogKe3K-O_apAvd3nPOfYkI21ri1nmJM4mL0OL0uyXAB9cd0B3qrUlsdV3mJHdFHrTLqRE_r4f7d1Cgl29tOLNPnF1WaJnGAB7RZ5XImexQa3tGrZQayHBy4EYNfkCbMIRAkI14fwAYazjx:1uINCj:LQO_Lz-S3vEXM_VSMnx36HZlEnJ9whe2PEzAchglv08	2025-06-06 10:52:33.645188+03
b1l16c8q87kbx3z5ohvmaflwluuk2spn	.eJxVjMsOwiAQRf-FtSE8bAGX7vsNZJgZpGogKe3K-O_apAvd3nPOfYkI21ri1nmJM4mL0OL0uyXAB9cd0B3qrUlsdV3mJHdFHrTLqRE_r4f7d1Cgl29tOLNPnF1WaJnGAB7RZ5XImexQa3tGrZQayHBy4EYNfkCbMIRAkI14fwAYazjx:1u8fFG:TF6_FdyJW2Ohcxqn7nD3roB1NO9n6T17twOy5cqRPBM	2025-05-10 16:07:02.133706+03
\.


--
-- TOC entry 5134 (class 0 OID 16747)
-- Dependencies: 247
-- Data for Name: tests_answeroption; Type: TABLE DATA; Schema: public; Owner: postgres
--

COPY public.tests_answeroption (id, text, is_correct, "order", question_id) FROM stdin;
1	привет	t	1	1
2	что	f	2	1
\.


--
-- TOC entry 5132 (class 0 OID 16737)
-- Dependencies: 245
-- Data for Name: tests_question; Type: TABLE DATA; Schema: public; Owner: postgres
--

COPY public.tests_question (id, text, question_type, "order", points, test_id) FROM stdin;
1	jfhklashdlkjfkljsadhfhasdjkhfkjlasdhflkjahsdjfkhasdfklahsdkfjhaslkjdhflaks	single	1	1	1
\.


--
-- TOC entry 5136 (class 0 OID 16756)
-- Dependencies: 249
-- Data for Name: tests_test; Type: TABLE DATA; Schema: public; Owner: postgres
--

COPY public.tests_test (id, title, description, created_at, updated_at, is_published, passing_score, module_id, "order") FROM stdin;
1	Что-то тамопывдлаопыдж	лотавппджловаыпджлыовжадпоывдлапоывджлаопдыжлваопдлываоплываопдылваопдылваопдлываопдлываопдлывопдлывапоывдлпоывадлповыдлпоывдлпоывджлпаоыдв	2025-05-15 21:37:58.637328+03	2025-05-15 21:37:58.637328+03	f	70	4	0
\.


--
-- TOC entry 5138 (class 0 OID 16769)
-- Dependencies: 251
-- Data for Name: tests_testattempt; Type: TABLE DATA; Schema: public; Owner: postgres
--

COPY public.tests_testattempt (id, started_at, completed_at, score, is_passed, test_id, user_id) FROM stdin;
\.


--
-- TOC entry 5140 (class 0 OID 16775)
-- Dependencies: 253
-- Data for Name: tests_useranswer; Type: TABLE DATA; Schema: public; Owner: postgres
--

COPY public.tests_useranswer (id, text_answer, is_correct, points_earned, attempt_id, question_id) FROM stdin;
\.


--
-- TOC entry 5142 (class 0 OID 16784)
-- Dependencies: 255
-- Data for Name: tests_useranswer_answer_options; Type: TABLE DATA; Schema: public; Owner: postgres
--

COPY public.tests_useranswer_answer_options (id, useranswer_id, answeroption_id) FROM stdin;
\.


--
-- TOC entry 5121 (class 0 OID 16621)
-- Dependencies: 234
-- Data for Name: users_progress; Type: TABLE DATA; Schema: public; Owner: postgres
--

COPY public.users_progress (id, course_id, comleted_modules, last_accessed, user_id, completion_percent) FROM stdin;
27	1	[1, 2]	2025-05-22	1	100
34	9	[4]	2025-05-23	1	50
\.


--
-- TOC entry 5115 (class 0 OID 16599)
-- Dependencies: 228
-- Data for Name: users_user; Type: TABLE DATA; Schema: public; Owner: postgres
--

COPY public.users_user (id, password, last_login, is_superuser, username, first_name, last_name, email, is_staff, is_active, date_joined, full_name, is_cheater, data_joined, is_teacher, description) FROM stdin;
4	pbkdf2_sha256$1000000$ttpNgAB2SBat9QxYGT1Wbp$uWuVft5i+xNPh2lSfCk06Nchr6he/3qwoNwGG+YD1XQ=	2025-04-25 23:10:31.591668+03	f	Kirilll			t@mail.ru	f	t	2025-04-25 23:10:30.623817+03		f	2025-04-25	f	
7	pbkdf2_sha256$1000000$2IzNSmi41drY0raJg7waAK$TaF2F32SNJvyEFn1GZSfIAe+WzPYzYeKKMI5uZ+6m7c=	2025-04-26 00:24:37.064652+03	f	Max			test@mail.ru	f	t	2025-04-26 00:24:35.685817+03		f	2025-04-26	t	
8	pbkdf2_sha256$1000000$sNNYhfKD2DPrwuYFCkwF8Y$HKCmX+uL5v8Ws83fQTIm1FCn0fprYRjPoKlWLPDUhbY=	2025-04-26 00:42:12.068437+03	f	mmm			tatarintsevkv.pixel@gmail.com	f	t	2025-04-26 00:42:10.968816+03		f	2025-04-26	f	
12	pbkdf2_sha256$1000000$VhnW8rPGbES1yo1W2jEF3h$ZSzugSR3xvLNM5Bd1D6bSEyvJ/zBxu4T7dGMDTKLG6E=	2025-05-08 20:27:35.560775+03	f	цфыв			slatkey69@mail.ru	f	t	2025-05-08 20:27:34.528164+03		f	2025-05-08	t	
9	pbkdf2_sha256$1000000$B2S6Wb1iuSmAYSjFeFzSKU$wFqKF9oXu6AIpBANiu8YoPvKlNnLZ/hrbus/14kIZl8=	2025-04-26 01:06:43.609585+03	f	MMM			ttt@yandex.ru	f	t	2025-04-26 01:05:43.323472+03		f	2025-04-26	f	
10	pbkdf2_sha256$1000000$nv7jSrnfYYJNVBKXlRIkMi$uATsi9luzBZjlR9HBTrDGWT1+U30qIt0ERtKHmgvRDw=	2025-04-26 11:16:34.016282+03	f	ignat			ignatnkh7@gmail.com	f	t	2025-04-26 11:16:31.579399+03		f	2025-04-26	f	
11	pbkdf2_sha256$1000000$OCiwBQpeellSa8sXQWVI4e$M8Zdu445t7+FkppQKiZMwdh5xYQkcdOzF2cGu/puXdQ=	2025-04-26 16:07:48.804447+03	f	kirill123			t@mail.ru	f	t	2025-04-26 16:07:47.808534+03		f	2025-04-26	f	
13	pbkdf2_sha256$1000000$af3qN0jhfRUdYig4fzzq0p$++FHnZAwuCvQswGZrcsZYBfD/L4diez0dSx2nPmH+vc=	2025-05-22 14:20:32.773005+03	f	gandon			gandon@gmail.ru	f	t	2025-05-22 14:19:56.905164+03		f	2025-05-22	t	
1	pbkdf2_sha256$1000000$Tb5GJzeuVJjDjODRNpWnNk$ZWVBAqVD//2ikF/+szHJg94V1Cmdmqm9m5Q/FLVZ10M=	2025-05-23 10:52:33.641855+03	t	kirill	Кирилл	Татаринцев	cyriltatarintsev@yandex.ru	t	t	2025-04-24 10:26:27+03	Кирилл Татаринцев	f	2025-04-24	t	Rbkldjfgkljdflkgjsldkfjgkjdsfgkljsdfgsljgf
\.


--
-- TOC entry 5117 (class 0 OID 16609)
-- Dependencies: 230
-- Data for Name: users_user_groups; Type: TABLE DATA; Schema: public; Owner: postgres
--

COPY public.users_user_groups (id, user_id, group_id) FROM stdin;
\.


--
-- TOC entry 5119 (class 0 OID 16615)
-- Dependencies: 232
-- Data for Name: users_user_user_permissions; Type: TABLE DATA; Schema: public; Owner: postgres
--

COPY public.users_user_user_permissions (id, user_id, permission_id) FROM stdin;
\.


--
-- TOC entry 5150 (class 0 OID 0)
-- Dependencies: 223
-- Name: auth_group_id_seq; Type: SEQUENCE SET; Schema: public; Owner: postgres
--

SELECT pg_catalog.setval('public.auth_group_id_seq', 1, false);


--
-- TOC entry 5151 (class 0 OID 0)
-- Dependencies: 225
-- Name: auth_group_permissions_id_seq; Type: SEQUENCE SET; Schema: public; Owner: postgres
--

SELECT pg_catalog.setval('public.auth_group_permissions_id_seq', 1, false);


--
-- TOC entry 5152 (class 0 OID 0)
-- Dependencies: 221
-- Name: auth_permission_id_seq; Type: SEQUENCE SET; Schema: public; Owner: postgres
--

SELECT pg_catalog.setval('public.auth_permission_id_seq', 64, true);


--
-- TOC entry 5153 (class 0 OID 0)
-- Dependencies: 237
-- Name: courses_couse_id_seq; Type: SEQUENCE SET; Schema: public; Owner: postgres
--

SELECT pg_catalog.setval('public.courses_couse_id_seq', 13, true);


--
-- TOC entry 5154 (class 0 OID 0)
-- Dependencies: 256
-- Name: courses_lesson_id_seq; Type: SEQUENCE SET; Schema: public; Owner: postgres
--

SELECT pg_catalog.setval('public.courses_lesson_id_seq', 11, true);


--
-- TOC entry 5155 (class 0 OID 0)
-- Dependencies: 239
-- Name: courses_material_id_seq; Type: SEQUENCE SET; Schema: public; Owner: postgres
--

SELECT pg_catalog.setval('public.courses_material_id_seq', 4, true);


--
-- TOC entry 5156 (class 0 OID 0)
-- Dependencies: 241
-- Name: courses_module_id_seq; Type: SEQUENCE SET; Schema: public; Owner: postgres
--

SELECT pg_catalog.setval('public.courses_module_id_seq', 10, true);


--
-- TOC entry 5157 (class 0 OID 0)
-- Dependencies: 235
-- Name: django_admin_log_id_seq; Type: SEQUENCE SET; Schema: public; Owner: postgres
--

SELECT pg_catalog.setval('public.django_admin_log_id_seq', 31, true);


--
-- TOC entry 5158 (class 0 OID 0)
-- Dependencies: 219
-- Name: django_content_type_id_seq; Type: SEQUENCE SET; Schema: public; Owner: postgres
--

SELECT pg_catalog.setval('public.django_content_type_id_seq', 16, true);


--
-- TOC entry 5159 (class 0 OID 0)
-- Dependencies: 217
-- Name: django_migrations_id_seq; Type: SEQUENCE SET; Schema: public; Owner: postgres
--

SELECT pg_catalog.setval('public.django_migrations_id_seq', 32, true);


--
-- TOC entry 5160 (class 0 OID 0)
-- Dependencies: 246
-- Name: tests_answeroption_id_seq; Type: SEQUENCE SET; Schema: public; Owner: postgres
--

SELECT pg_catalog.setval('public.tests_answeroption_id_seq', 6, true);


--
-- TOC entry 5161 (class 0 OID 0)
-- Dependencies: 244
-- Name: tests_question_id_seq; Type: SEQUENCE SET; Schema: public; Owner: postgres
--

SELECT pg_catalog.setval('public.tests_question_id_seq', 5, true);


--
-- TOC entry 5162 (class 0 OID 0)
-- Dependencies: 248
-- Name: tests_test_id_seq; Type: SEQUENCE SET; Schema: public; Owner: postgres
--

SELECT pg_catalog.setval('public.tests_test_id_seq', 3, true);


--
-- TOC entry 5163 (class 0 OID 0)
-- Dependencies: 250
-- Name: tests_testattempt_id_seq; Type: SEQUENCE SET; Schema: public; Owner: postgres
--

SELECT pg_catalog.setval('public.tests_testattempt_id_seq', 1, false);


--
-- TOC entry 5164 (class 0 OID 0)
-- Dependencies: 254
-- Name: tests_useranswer_answer_options_id_seq; Type: SEQUENCE SET; Schema: public; Owner: postgres
--

SELECT pg_catalog.setval('public.tests_useranswer_answer_options_id_seq', 1, false);


--
-- TOC entry 5165 (class 0 OID 0)
-- Dependencies: 252
-- Name: tests_useranswer_id_seq; Type: SEQUENCE SET; Schema: public; Owner: postgres
--

SELECT pg_catalog.setval('public.tests_useranswer_id_seq', 1, false);


--
-- TOC entry 5166 (class 0 OID 0)
-- Dependencies: 233
-- Name: users_progress_id_seq; Type: SEQUENCE SET; Schema: public; Owner: postgres
--

SELECT pg_catalog.setval('public.users_progress_id_seq', 34, true);


--
-- TOC entry 5167 (class 0 OID 0)
-- Dependencies: 229
-- Name: users_user_groups_id_seq; Type: SEQUENCE SET; Schema: public; Owner: postgres
--

SELECT pg_catalog.setval('public.users_user_groups_id_seq', 1, false);


--
-- TOC entry 5168 (class 0 OID 0)
-- Dependencies: 227
-- Name: users_user_id_seq; Type: SEQUENCE SET; Schema: public; Owner: postgres
--

SELECT pg_catalog.setval('public.users_user_id_seq', 13, true);


--
-- TOC entry 5169 (class 0 OID 0)
-- Dependencies: 231
-- Name: users_user_user_permissions_id_seq; Type: SEQUENCE SET; Schema: public; Owner: postgres
--

SELECT pg_catalog.setval('public.users_user_user_permissions_id_seq', 1, false);


--
-- TOC entry 4862 (class 2606 OID 16596)
-- Name: auth_group auth_group_name_key; Type: CONSTRAINT; Schema: public; Owner: postgres
--

ALTER TABLE ONLY public.auth_group
    ADD CONSTRAINT auth_group_name_key UNIQUE (name);


--
-- TOC entry 4867 (class 2606 OID 16582)
-- Name: auth_group_permissions auth_group_permissions_group_id_permission_id_0cd325b0_uniq; Type: CONSTRAINT; Schema: public; Owner: postgres
--

ALTER TABLE ONLY public.auth_group_permissions
    ADD CONSTRAINT auth_group_permissions_group_id_permission_id_0cd325b0_uniq UNIQUE (group_id, permission_id);


--
-- TOC entry 4870 (class 2606 OID 16571)
-- Name: auth_group_permissions auth_group_permissions_pkey; Type: CONSTRAINT; Schema: public; Owner: postgres
--

ALTER TABLE ONLY public.auth_group_permissions
    ADD CONSTRAINT auth_group_permissions_pkey PRIMARY KEY (id);


--
-- TOC entry 4864 (class 2606 OID 16563)
-- Name: auth_group auth_group_pkey; Type: CONSTRAINT; Schema: public; Owner: postgres
--

ALTER TABLE ONLY public.auth_group
    ADD CONSTRAINT auth_group_pkey PRIMARY KEY (id);


--
-- TOC entry 4857 (class 2606 OID 16573)
-- Name: auth_permission auth_permission_content_type_id_codename_01ab375a_uniq; Type: CONSTRAINT; Schema: public; Owner: postgres
--

ALTER TABLE ONLY public.auth_permission
    ADD CONSTRAINT auth_permission_content_type_id_codename_01ab375a_uniq UNIQUE (content_type_id, codename);


--
-- TOC entry 4859 (class 2606 OID 16557)
-- Name: auth_permission auth_permission_pkey; Type: CONSTRAINT; Schema: public; Owner: postgres
--

ALTER TABLE ONLY public.auth_permission
    ADD CONSTRAINT auth_permission_pkey PRIMARY KEY (id);


--
-- TOC entry 4899 (class 2606 OID 16691)
-- Name: courses_couse courses_couse_pkey; Type: CONSTRAINT; Schema: public; Owner: postgres
--

ALTER TABLE ONLY public.courses_couse
    ADD CONSTRAINT courses_couse_pkey PRIMARY KEY (id);


--
-- TOC entry 4935 (class 2606 OID 16855)
-- Name: courses_lesson courses_lesson_pkey; Type: CONSTRAINT; Schema: public; Owner: postgres
--

ALTER TABLE ONLY public.courses_lesson
    ADD CONSTRAINT courses_lesson_pkey PRIMARY KEY (id);


--
-- TOC entry 4902 (class 2606 OID 16699)
-- Name: courses_material courses_material_pkey; Type: CONSTRAINT; Schema: public; Owner: postgres
--

ALTER TABLE ONLY public.courses_material
    ADD CONSTRAINT courses_material_pkey PRIMARY KEY (id);


--
-- TOC entry 4905 (class 2606 OID 16708)
-- Name: courses_module courses_module_pkey; Type: CONSTRAINT; Schema: public; Owner: postgres
--

ALTER TABLE ONLY public.courses_module
    ADD CONSTRAINT courses_module_pkey PRIMARY KEY (id);


--
-- TOC entry 4895 (class 2606 OID 16671)
-- Name: django_admin_log django_admin_log_pkey; Type: CONSTRAINT; Schema: public; Owner: postgres
--

ALTER TABLE ONLY public.django_admin_log
    ADD CONSTRAINT django_admin_log_pkey PRIMARY KEY (id);


--
-- TOC entry 4852 (class 2606 OID 16551)
-- Name: django_content_type django_content_type_app_label_model_76bd3d3b_uniq; Type: CONSTRAINT; Schema: public; Owner: postgres
--

ALTER TABLE ONLY public.django_content_type
    ADD CONSTRAINT django_content_type_app_label_model_76bd3d3b_uniq UNIQUE (app_label, model);


--
-- TOC entry 4854 (class 2606 OID 16549)
-- Name: django_content_type django_content_type_pkey; Type: CONSTRAINT; Schema: public; Owner: postgres
--

ALTER TABLE ONLY public.django_content_type
    ADD CONSTRAINT django_content_type_pkey PRIMARY KEY (id);


--
-- TOC entry 4850 (class 2606 OID 16543)
-- Name: django_migrations django_migrations_pkey; Type: CONSTRAINT; Schema: public; Owner: postgres
--

ALTER TABLE ONLY public.django_migrations
    ADD CONSTRAINT django_migrations_pkey PRIMARY KEY (id);


--
-- TOC entry 4908 (class 2606 OID 16733)
-- Name: django_session django_session_pkey; Type: CONSTRAINT; Schema: public; Owner: postgres
--

ALTER TABLE ONLY public.django_session
    ADD CONSTRAINT django_session_pkey PRIMARY KEY (session_key);


--
-- TOC entry 4914 (class 2606 OID 16754)
-- Name: tests_answeroption tests_answeroption_pkey; Type: CONSTRAINT; Schema: public; Owner: postgres
--

ALTER TABLE ONLY public.tests_answeroption
    ADD CONSTRAINT tests_answeroption_pkey PRIMARY KEY (id);


--
-- TOC entry 4911 (class 2606 OID 16745)
-- Name: tests_question tests_question_pkey; Type: CONSTRAINT; Schema: public; Owner: postgres
--

ALTER TABLE ONLY public.tests_question
    ADD CONSTRAINT tests_question_pkey PRIMARY KEY (id);


--
-- TOC entry 4918 (class 2606 OID 16762)
-- Name: tests_test tests_test_pkey; Type: CONSTRAINT; Schema: public; Owner: postgres
--

ALTER TABLE ONLY public.tests_test
    ADD CONSTRAINT tests_test_pkey PRIMARY KEY (id);


--
-- TOC entry 4920 (class 2606 OID 16773)
-- Name: tests_testattempt tests_testattempt_pkey; Type: CONSTRAINT; Schema: public; Owner: postgres
--

ALTER TABLE ONLY public.tests_testattempt
    ADD CONSTRAINT tests_testattempt_pkey PRIMARY KEY (id);


--
-- TOC entry 4928 (class 2606 OID 16827)
-- Name: tests_useranswer_answer_options tests_useranswer_answer__useranswer_id_answeropti_f44e6d86_uniq; Type: CONSTRAINT; Schema: public; Owner: postgres
--

ALTER TABLE ONLY public.tests_useranswer_answer_options
    ADD CONSTRAINT tests_useranswer_answer__useranswer_id_answeropti_f44e6d86_uniq UNIQUE (useranswer_id, answeroption_id);


--
-- TOC entry 4931 (class 2606 OID 16788)
-- Name: tests_useranswer_answer_options tests_useranswer_answer_options_pkey; Type: CONSTRAINT; Schema: public; Owner: postgres
--

ALTER TABLE ONLY public.tests_useranswer_answer_options
    ADD CONSTRAINT tests_useranswer_answer_options_pkey PRIMARY KEY (id);


--
-- TOC entry 4925 (class 2606 OID 16782)
-- Name: tests_useranswer tests_useranswer_pkey; Type: CONSTRAINT; Schema: public; Owner: postgres
--

ALTER TABLE ONLY public.tests_useranswer
    ADD CONSTRAINT tests_useranswer_pkey PRIMARY KEY (id);


--
-- TOC entry 4889 (class 2606 OID 16627)
-- Name: users_progress users_progress_pkey; Type: CONSTRAINT; Schema: public; Owner: postgres
--

ALTER TABLE ONLY public.users_progress
    ADD CONSTRAINT users_progress_pkey PRIMARY KEY (id);


--
-- TOC entry 4892 (class 2606 OID 16845)
-- Name: users_progress users_progress_user_id_course_id_e68586fc_uniq; Type: CONSTRAINT; Schema: public; Owner: postgres
--

ALTER TABLE ONLY public.users_progress
    ADD CONSTRAINT users_progress_user_id_course_id_e68586fc_uniq UNIQUE (user_id, course_id);


--
-- TOC entry 4878 (class 2606 OID 16613)
-- Name: users_user_groups users_user_groups_pkey; Type: CONSTRAINT; Schema: public; Owner: postgres
--

ALTER TABLE ONLY public.users_user_groups
    ADD CONSTRAINT users_user_groups_pkey PRIMARY KEY (id);


--
-- TOC entry 4881 (class 2606 OID 16630)
-- Name: users_user_groups users_user_groups_user_id_group_id_b88eab82_uniq; Type: CONSTRAINT; Schema: public; Owner: postgres
--

ALTER TABLE ONLY public.users_user_groups
    ADD CONSTRAINT users_user_groups_user_id_group_id_b88eab82_uniq UNIQUE (user_id, group_id);


--
-- TOC entry 4872 (class 2606 OID 16605)
-- Name: users_user users_user_pkey; Type: CONSTRAINT; Schema: public; Owner: postgres
--

ALTER TABLE ONLY public.users_user
    ADD CONSTRAINT users_user_pkey PRIMARY KEY (id);


--
-- TOC entry 4884 (class 2606 OID 16619)
-- Name: users_user_user_permissions users_user_user_permissions_pkey; Type: CONSTRAINT; Schema: public; Owner: postgres
--

ALTER TABLE ONLY public.users_user_user_permissions
    ADD CONSTRAINT users_user_user_permissions_pkey PRIMARY KEY (id);


--
-- TOC entry 4887 (class 2606 OID 16644)
-- Name: users_user_user_permissions users_user_user_permissions_user_id_permission_id_43338c45_uniq; Type: CONSTRAINT; Schema: public; Owner: postgres
--

ALTER TABLE ONLY public.users_user_user_permissions
    ADD CONSTRAINT users_user_user_permissions_user_id_permission_id_43338c45_uniq UNIQUE (user_id, permission_id);


--
-- TOC entry 4875 (class 2606 OID 16607)
-- Name: users_user users_user_username_key; Type: CONSTRAINT; Schema: public; Owner: postgres
--

ALTER TABLE ONLY public.users_user
    ADD CONSTRAINT users_user_username_key UNIQUE (username);


--
-- TOC entry 4860 (class 1259 OID 16597)
-- Name: auth_group_name_a6ea08ec_like; Type: INDEX; Schema: public; Owner: postgres
--

CREATE INDEX auth_group_name_a6ea08ec_like ON public.auth_group USING btree (name varchar_pattern_ops);


--
-- TOC entry 4865 (class 1259 OID 16593)
-- Name: auth_group_permissions_group_id_b120cbf9; Type: INDEX; Schema: public; Owner: postgres
--

CREATE INDEX auth_group_permissions_group_id_b120cbf9 ON public.auth_group_permissions USING btree (group_id);


--
-- TOC entry 4868 (class 1259 OID 16594)
-- Name: auth_group_permissions_permission_id_84c5c92e; Type: INDEX; Schema: public; Owner: postgres
--

CREATE INDEX auth_group_permissions_permission_id_84c5c92e ON public.auth_group_permissions USING btree (permission_id);


--
-- TOC entry 4855 (class 1259 OID 16579)
-- Name: auth_permission_content_type_id_2f476e4b; Type: INDEX; Schema: public; Owner: postgres
--

CREATE INDEX auth_permission_content_type_id_2f476e4b ON public.auth_permission USING btree (content_type_id);


--
-- TOC entry 4897 (class 1259 OID 16724)
-- Name: courses_couse_author_id_365996d8; Type: INDEX; Schema: public; Owner: postgres
--

CREATE INDEX courses_couse_author_id_365996d8 ON public.courses_couse USING btree (author_id);


--
-- TOC entry 4933 (class 1259 OID 16866)
-- Name: courses_lesson_module_id_41252914; Type: INDEX; Schema: public; Owner: postgres
--

CREATE INDEX courses_lesson_module_id_41252914 ON public.courses_lesson USING btree (module_id);


--
-- TOC entry 4900 (class 1259 OID 16867)
-- Name: courses_material_lesson_id_82c9f8be; Type: INDEX; Schema: public; Owner: postgres
--

CREATE INDEX courses_material_lesson_id_82c9f8be ON public.courses_material USING btree (lesson_id);


--
-- TOC entry 4903 (class 1259 OID 16725)
-- Name: courses_module_course_id_7d4820de; Type: INDEX; Schema: public; Owner: postgres
--

CREATE INDEX courses_module_course_id_7d4820de ON public.courses_module USING btree (course_id);


--
-- TOC entry 4893 (class 1259 OID 16682)
-- Name: django_admin_log_content_type_id_c4bce8eb; Type: INDEX; Schema: public; Owner: postgres
--

CREATE INDEX django_admin_log_content_type_id_c4bce8eb ON public.django_admin_log USING btree (content_type_id);


--
-- TOC entry 4896 (class 1259 OID 16683)
-- Name: django_admin_log_user_id_c564eba6; Type: INDEX; Schema: public; Owner: postgres
--

CREATE INDEX django_admin_log_user_id_c564eba6 ON public.django_admin_log USING btree (user_id);


--
-- TOC entry 4906 (class 1259 OID 16735)
-- Name: django_session_expire_date_a5c62663; Type: INDEX; Schema: public; Owner: postgres
--

CREATE INDEX django_session_expire_date_a5c62663 ON public.django_session USING btree (expire_date);


--
-- TOC entry 4909 (class 1259 OID 16734)
-- Name: django_session_session_key_c0390e0f_like; Type: INDEX; Schema: public; Owner: postgres
--

CREATE INDEX django_session_session_key_c0390e0f_like ON public.django_session USING btree (session_key varchar_pattern_ops);


--
-- TOC entry 4915 (class 1259 OID 16794)
-- Name: tests_answeroption_question_id_fbfbcfa1; Type: INDEX; Schema: public; Owner: postgres
--

CREATE INDEX tests_answeroption_question_id_fbfbcfa1 ON public.tests_answeroption USING btree (question_id);


--
-- TOC entry 4912 (class 1259 OID 16801)
-- Name: tests_question_test_id_5a6fdf53; Type: INDEX; Schema: public; Owner: postgres
--

CREATE INDEX tests_question_test_id_5a6fdf53 ON public.tests_question USING btree (test_id);


--
-- TOC entry 4916 (class 1259 OID 16800)
-- Name: tests_test_module_id_c0aac0e7; Type: INDEX; Schema: public; Owner: postgres
--

CREATE INDEX tests_test_module_id_c0aac0e7 ON public.tests_test USING btree (module_id);


--
-- TOC entry 4921 (class 1259 OID 16812)
-- Name: tests_testattempt_test_id_b6ecb163; Type: INDEX; Schema: public; Owner: postgres
--

CREATE INDEX tests_testattempt_test_id_b6ecb163 ON public.tests_testattempt USING btree (test_id);


--
-- TOC entry 4922 (class 1259 OID 16813)
-- Name: tests_testattempt_user_id_ca1108b0; Type: INDEX; Schema: public; Owner: postgres
--

CREATE INDEX tests_testattempt_user_id_ca1108b0 ON public.tests_testattempt USING btree (user_id);


--
-- TOC entry 4929 (class 1259 OID 16839)
-- Name: tests_useranswer_answer_options_answeroption_id_98844daa; Type: INDEX; Schema: public; Owner: postgres
--

CREATE INDEX tests_useranswer_answer_options_answeroption_id_98844daa ON public.tests_useranswer_answer_options USING btree (answeroption_id);


--
-- TOC entry 4932 (class 1259 OID 16838)
-- Name: tests_useranswer_answer_options_useranswer_id_4961397e; Type: INDEX; Schema: public; Owner: postgres
--

CREATE INDEX tests_useranswer_answer_options_useranswer_id_4961397e ON public.tests_useranswer_answer_options USING btree (useranswer_id);


--
-- TOC entry 4923 (class 1259 OID 16824)
-- Name: tests_useranswer_attempt_id_117d609d; Type: INDEX; Schema: public; Owner: postgres
--

CREATE INDEX tests_useranswer_attempt_id_117d609d ON public.tests_useranswer USING btree (attempt_id);


--
-- TOC entry 4926 (class 1259 OID 16825)
-- Name: tests_useranswer_question_id_2a91e6d6; Type: INDEX; Schema: public; Owner: postgres
--

CREATE INDEX tests_useranswer_question_id_2a91e6d6 ON public.tests_useranswer USING btree (question_id);


--
-- TOC entry 4890 (class 1259 OID 16662)
-- Name: users_progress_user_id_0f45e78d; Type: INDEX; Schema: public; Owner: postgres
--

CREATE INDEX users_progress_user_id_0f45e78d ON public.users_progress USING btree (user_id);


--
-- TOC entry 4876 (class 1259 OID 16642)
-- Name: users_user_groups_group_id_9afc8d0e; Type: INDEX; Schema: public; Owner: postgres
--

CREATE INDEX users_user_groups_group_id_9afc8d0e ON public.users_user_groups USING btree (group_id);


--
-- TOC entry 4879 (class 1259 OID 16641)
-- Name: users_user_groups_user_id_5f6f5a90; Type: INDEX; Schema: public; Owner: postgres
--

CREATE INDEX users_user_groups_user_id_5f6f5a90 ON public.users_user_groups USING btree (user_id);


--
-- TOC entry 4882 (class 1259 OID 16656)
-- Name: users_user_user_permissions_permission_id_0b93982e; Type: INDEX; Schema: public; Owner: postgres
--

CREATE INDEX users_user_user_permissions_permission_id_0b93982e ON public.users_user_user_permissions USING btree (permission_id);


--
-- TOC entry 4885 (class 1259 OID 16655)
-- Name: users_user_user_permissions_user_id_20aca447; Type: INDEX; Schema: public; Owner: postgres
--

CREATE INDEX users_user_user_permissions_user_id_20aca447 ON public.users_user_user_permissions USING btree (user_id);


--
-- TOC entry 4873 (class 1259 OID 16628)
-- Name: users_user_username_06e46fe6_like; Type: INDEX; Schema: public; Owner: postgres
--

CREATE INDEX users_user_username_06e46fe6_like ON public.users_user USING btree (username varchar_pattern_ops);


--
-- TOC entry 4937 (class 2606 OID 16588)
-- Name: auth_group_permissions auth_group_permissio_permission_id_84c5c92e_fk_auth_perm; Type: FK CONSTRAINT; Schema: public; Owner: postgres
--

ALTER TABLE ONLY public.auth_group_permissions
    ADD CONSTRAINT auth_group_permissio_permission_id_84c5c92e_fk_auth_perm FOREIGN KEY (permission_id) REFERENCES public.auth_permission(id) DEFERRABLE INITIALLY DEFERRED;


--
-- TOC entry 4938 (class 2606 OID 16583)
-- Name: auth_group_permissions auth_group_permissions_group_id_b120cbf9_fk_auth_group_id; Type: FK CONSTRAINT; Schema: public; Owner: postgres
--

ALTER TABLE ONLY public.auth_group_permissions
    ADD CONSTRAINT auth_group_permissions_group_id_b120cbf9_fk_auth_group_id FOREIGN KEY (group_id) REFERENCES public.auth_group(id) DEFERRABLE INITIALLY DEFERRED;


--
-- TOC entry 4936 (class 2606 OID 16574)
-- Name: auth_permission auth_permission_content_type_id_2f476e4b_fk_django_co; Type: FK CONSTRAINT; Schema: public; Owner: postgres
--

ALTER TABLE ONLY public.auth_permission
    ADD CONSTRAINT auth_permission_content_type_id_2f476e4b_fk_django_co FOREIGN KEY (content_type_id) REFERENCES public.django_content_type(id) DEFERRABLE INITIALLY DEFERRED;


--
-- TOC entry 4946 (class 2606 OID 16709)
-- Name: courses_couse courses_couse_author_id_365996d8_fk_users_user_id; Type: FK CONSTRAINT; Schema: public; Owner: postgres
--

ALTER TABLE ONLY public.courses_couse
    ADD CONSTRAINT courses_couse_author_id_365996d8_fk_users_user_id FOREIGN KEY (author_id) REFERENCES public.users_user(id) DEFERRABLE INITIALLY DEFERRED;


--
-- TOC entry 4958 (class 2606 OID 16861)
-- Name: courses_lesson courses_lesson_module_id_41252914_fk_courses_module_id; Type: FK CONSTRAINT; Schema: public; Owner: postgres
--

ALTER TABLE ONLY public.courses_lesson
    ADD CONSTRAINT courses_lesson_module_id_41252914_fk_courses_module_id FOREIGN KEY (module_id) REFERENCES public.courses_module(id) DEFERRABLE INITIALLY DEFERRED;


--
-- TOC entry 4947 (class 2606 OID 16856)
-- Name: courses_material courses_material_lesson_id_82c9f8be_fk_courses_lesson_id; Type: FK CONSTRAINT; Schema: public; Owner: postgres
--

ALTER TABLE ONLY public.courses_material
    ADD CONSTRAINT courses_material_lesson_id_82c9f8be_fk_courses_lesson_id FOREIGN KEY (lesson_id) REFERENCES public.courses_lesson(id) DEFERRABLE INITIALLY DEFERRED;


--
-- TOC entry 4948 (class 2606 OID 16714)
-- Name: courses_module courses_module_course_id_7d4820de_fk_courses_couse_id; Type: FK CONSTRAINT; Schema: public; Owner: postgres
--

ALTER TABLE ONLY public.courses_module
    ADD CONSTRAINT courses_module_course_id_7d4820de_fk_courses_couse_id FOREIGN KEY (course_id) REFERENCES public.courses_couse(id) DEFERRABLE INITIALLY DEFERRED;


--
-- TOC entry 4944 (class 2606 OID 16672)
-- Name: django_admin_log django_admin_log_content_type_id_c4bce8eb_fk_django_co; Type: FK CONSTRAINT; Schema: public; Owner: postgres
--

ALTER TABLE ONLY public.django_admin_log
    ADD CONSTRAINT django_admin_log_content_type_id_c4bce8eb_fk_django_co FOREIGN KEY (content_type_id) REFERENCES public.django_content_type(id) DEFERRABLE INITIALLY DEFERRED;


--
-- TOC entry 4945 (class 2606 OID 16677)
-- Name: django_admin_log django_admin_log_user_id_c564eba6_fk_users_user_id; Type: FK CONSTRAINT; Schema: public; Owner: postgres
--

ALTER TABLE ONLY public.django_admin_log
    ADD CONSTRAINT django_admin_log_user_id_c564eba6_fk_users_user_id FOREIGN KEY (user_id) REFERENCES public.users_user(id) DEFERRABLE INITIALLY DEFERRED;


--
-- TOC entry 4950 (class 2606 OID 16789)
-- Name: tests_answeroption tests_answeroption_question_id_fbfbcfa1_fk_tests_question_id; Type: FK CONSTRAINT; Schema: public; Owner: postgres
--

ALTER TABLE ONLY public.tests_answeroption
    ADD CONSTRAINT tests_answeroption_question_id_fbfbcfa1_fk_tests_question_id FOREIGN KEY (question_id) REFERENCES public.tests_question(id) DEFERRABLE INITIALLY DEFERRED;


--
-- TOC entry 4949 (class 2606 OID 16763)
-- Name: tests_question tests_question_test_id_5a6fdf53_fk_tests_test_id; Type: FK CONSTRAINT; Schema: public; Owner: postgres
--

ALTER TABLE ONLY public.tests_question
    ADD CONSTRAINT tests_question_test_id_5a6fdf53_fk_tests_test_id FOREIGN KEY (test_id) REFERENCES public.tests_test(id) DEFERRABLE INITIALLY DEFERRED;


--
-- TOC entry 4951 (class 2606 OID 16795)
-- Name: tests_test tests_test_module_id_c0aac0e7_fk_courses_module_id; Type: FK CONSTRAINT; Schema: public; Owner: postgres
--

ALTER TABLE ONLY public.tests_test
    ADD CONSTRAINT tests_test_module_id_c0aac0e7_fk_courses_module_id FOREIGN KEY (module_id) REFERENCES public.courses_module(id) DEFERRABLE INITIALLY DEFERRED;


--
-- TOC entry 4952 (class 2606 OID 16802)
-- Name: tests_testattempt tests_testattempt_test_id_b6ecb163_fk_tests_test_id; Type: FK CONSTRAINT; Schema: public; Owner: postgres
--

ALTER TABLE ONLY public.tests_testattempt
    ADD CONSTRAINT tests_testattempt_test_id_b6ecb163_fk_tests_test_id FOREIGN KEY (test_id) REFERENCES public.tests_test(id) DEFERRABLE INITIALLY DEFERRED;


--
-- TOC entry 4953 (class 2606 OID 16807)
-- Name: tests_testattempt tests_testattempt_user_id_ca1108b0_fk_users_user_id; Type: FK CONSTRAINT; Schema: public; Owner: postgres
--

ALTER TABLE ONLY public.tests_testattempt
    ADD CONSTRAINT tests_testattempt_user_id_ca1108b0_fk_users_user_id FOREIGN KEY (user_id) REFERENCES public.users_user(id) DEFERRABLE INITIALLY DEFERRED;


--
-- TOC entry 4956 (class 2606 OID 16833)
-- Name: tests_useranswer_answer_options tests_useranswer_ans_answeroption_id_98844daa_fk_tests_ans; Type: FK CONSTRAINT; Schema: public; Owner: postgres
--

ALTER TABLE ONLY public.tests_useranswer_answer_options
    ADD CONSTRAINT tests_useranswer_ans_answeroption_id_98844daa_fk_tests_ans FOREIGN KEY (answeroption_id) REFERENCES public.tests_answeroption(id) DEFERRABLE INITIALLY DEFERRED;


--
-- TOC entry 4957 (class 2606 OID 16828)
-- Name: tests_useranswer_answer_options tests_useranswer_ans_useranswer_id_4961397e_fk_tests_use; Type: FK CONSTRAINT; Schema: public; Owner: postgres
--

ALTER TABLE ONLY public.tests_useranswer_answer_options
    ADD CONSTRAINT tests_useranswer_ans_useranswer_id_4961397e_fk_tests_use FOREIGN KEY (useranswer_id) REFERENCES public.tests_useranswer(id) DEFERRABLE INITIALLY DEFERRED;


--
-- TOC entry 4954 (class 2606 OID 16814)
-- Name: tests_useranswer tests_useranswer_attempt_id_117d609d_fk_tests_testattempt_id; Type: FK CONSTRAINT; Schema: public; Owner: postgres
--

ALTER TABLE ONLY public.tests_useranswer
    ADD CONSTRAINT tests_useranswer_attempt_id_117d609d_fk_tests_testattempt_id FOREIGN KEY (attempt_id) REFERENCES public.tests_testattempt(id) DEFERRABLE INITIALLY DEFERRED;


--
-- TOC entry 4955 (class 2606 OID 16819)
-- Name: tests_useranswer tests_useranswer_question_id_2a91e6d6_fk_tests_question_id; Type: FK CONSTRAINT; Schema: public; Owner: postgres
--

ALTER TABLE ONLY public.tests_useranswer
    ADD CONSTRAINT tests_useranswer_question_id_2a91e6d6_fk_tests_question_id FOREIGN KEY (question_id) REFERENCES public.tests_question(id) DEFERRABLE INITIALLY DEFERRED;


--
-- TOC entry 4943 (class 2606 OID 16657)
-- Name: users_progress users_progress_user_id_0f45e78d_fk_users_user_id; Type: FK CONSTRAINT; Schema: public; Owner: postgres
--

ALTER TABLE ONLY public.users_progress
    ADD CONSTRAINT users_progress_user_id_0f45e78d_fk_users_user_id FOREIGN KEY (user_id) REFERENCES public.users_user(id) DEFERRABLE INITIALLY DEFERRED;


--
-- TOC entry 4939 (class 2606 OID 16636)
-- Name: users_user_groups users_user_groups_group_id_9afc8d0e_fk_auth_group_id; Type: FK CONSTRAINT; Schema: public; Owner: postgres
--

ALTER TABLE ONLY public.users_user_groups
    ADD CONSTRAINT users_user_groups_group_id_9afc8d0e_fk_auth_group_id FOREIGN KEY (group_id) REFERENCES public.auth_group(id) DEFERRABLE INITIALLY DEFERRED;


--
-- TOC entry 4940 (class 2606 OID 16631)
-- Name: users_user_groups users_user_groups_user_id_5f6f5a90_fk_users_user_id; Type: FK CONSTRAINT; Schema: public; Owner: postgres
--

ALTER TABLE ONLY public.users_user_groups
    ADD CONSTRAINT users_user_groups_user_id_5f6f5a90_fk_users_user_id FOREIGN KEY (user_id) REFERENCES public.users_user(id) DEFERRABLE INITIALLY DEFERRED;


--
-- TOC entry 4941 (class 2606 OID 16650)
-- Name: users_user_user_permissions users_user_user_perm_permission_id_0b93982e_fk_auth_perm; Type: FK CONSTRAINT; Schema: public; Owner: postgres
--

ALTER TABLE ONLY public.users_user_user_permissions
    ADD CONSTRAINT users_user_user_perm_permission_id_0b93982e_fk_auth_perm FOREIGN KEY (permission_id) REFERENCES public.auth_permission(id) DEFERRABLE INITIALLY DEFERRED;


--
-- TOC entry 4942 (class 2606 OID 16645)
-- Name: users_user_user_permissions users_user_user_permissions_user_id_20aca447_fk_users_user_id; Type: FK CONSTRAINT; Schema: public; Owner: postgres
--

ALTER TABLE ONLY public.users_user_user_permissions
    ADD CONSTRAINT users_user_user_permissions_user_id_20aca447_fk_users_user_id FOREIGN KEY (user_id) REFERENCES public.users_user(id) DEFERRABLE INITIALLY DEFERRED;


-- Completed on 2025-06-05 00:18:13

--
-- PostgreSQL database dump complete
--

